31,Classes#31,电子商务,广州职业技术学院
32,Classes#32,云计算,襄阳职业技术学院
33,Classes#33,物联网,贵州职业技术学院
34,Classes#34,物联网,广西职业技术学院
35,Classes#35,大数据,武汉职业技术学院
36,Classes#36,网络安全,武汉职业技术学院
37,Classes#37,电子商务,唐山职业技术学院
38,Classes#38,网络安全,六安职业技术学院
39,Classes#39,电子商务,温州职业技术学院
40,Classes#40,电子商务,重庆职业技术学院
41,Classes#41,人工智能,六安职业技术学院
42,Classes#42,移动应用,六安职业技术学院
43,Classes#43,物联网,六安职业技术学院
44,Classes#44,大数据,温州职业技术学院
45,Classes#45,网络安全,重庆职业技术学院
46,Classes#46,网络安全,云南职业技术学院
47,Classes#47,网络安全,云南职业技术学院
48,Classes#48,人工智能,贵州职业技术学院
49,Classes#49,大数据,襄阳职业技术学院
50,Classes#50,网络安全,云南职业技术学院
51,Classes#51,网络安全,六安职业技术学院
52,Classes#52,物联网,六安职业技术学院
53,Classes#53,网络安全,六安职业技术学院
54,Classes#54,人工智能,六安职业技术学院
55,Classes#55,网络安全,武汉职业技术学院
56,Classes#56,网络安全,温州职业技术学院
57,Classes#57,物联网,广西职业技术学院
58,Classes#58,大数据,贵州职业技术学院
59,Classes#59,移动应用,云南职业技术学院
60,Classes#60,人工智能,贵州职业技术学院
61,Classes#61,移动应用,武汉职业技术学院
62,Classes#62,网络安全,武汉职业技术学院
63,Classes#63,人工智能,广州职业技术学院
64,Classes#64,大数据,武汉职业技术学院
65,Classes#65,网络安全,武汉职业技术学院
66,Classes#66,物联网,贵州职业技术学院
67,Classes#67,网络安全,重庆职业技术学院
68,Classes#68,移动应用,武汉职业技术学院
69,Classes#69,人工智能,广西职业技术学院
70,Classes#70,物联网,温州职业技术学院
71,Classes#71,移动应用,广州职业技术学院
72,Classes#72,网络安全,重庆职业技术学院
73,Classes#73,网络安全,重庆职业技术学院
74,Classes#74,网络安全,襄阳职业技术学院
75,Classes#75,网络安全,武汉职业技术学院
76,Classes#76,电子商务,广州职业技术学院
77,Classes#77,云计算,云南职业技术学院
78,Classes#78,物联网,唐山职业技术学院
79,Classes#79,移动应用,广西职业技术学院
80,Classes#80,电子商务,广州职业技术学院
81,Classes#81,移动应用,重庆职业技术学院
82,Classes#82,电子商务,广州职业技术学院
83,Classes#83,大数据,襄阳职业技术学院
84,Classes#84,人工智能,广州职业技术学院
85,Classes#85,网络安全,广州职业技术学院
86,Classes#86,电子商务,襄阳职业技术学院
87,Classes#87,云计算,襄阳职业技术学院
88,Classes#88,网络安全,武汉职业技术学院
89,Classes#89,电子商务,温州职业技术学院
91,Classes#91,移动应用,武汉职业技术学院
92,Classes#92,大数据,广西职业技术学院
93,Classes#93,大数据,贵州职业技术学院
94,Classes#94,网络安全,武汉职业技术学院
95,Classes#95,人工智能,重庆职业技术学院
90,Classes#90,网络安全,贵州职业技术学院
96,Classes#96,网络安全,重庆职业技术学院
97,Classes#97,大数据,武汉职业技术学院
98,Classes#98,电子商务,广州职业技术学院
99,Classes#99,物联网,武汉职业技术学院